<?xml version="1.0" encoding="UTF-8"?><rss version="2.0"
	xmlns:content="http://purl.org/rss/1.0/modules/content/"
	xmlns:wfw="http://wellformedweb.org/CommentAPI/"
	xmlns:dc="http://purl.org/dc/elements/1.1/"
	xmlns:atom="http://www.w3.org/2005/Atom"
	xmlns:sy="http://purl.org/rss/1.0/modules/syndication/"
	xmlns:slash="http://purl.org/rss/1.0/modules/slash/"
	>

<channel>
	<title>Margherita &#8211; pizzaepane</title>
	<atom:link href="./index.html" rel="self" type="application/rss+xml" />
	<link>./../../../index.html</link>
	<description></description>
	<lastBuildDate>Fri, 24 Mar 2023 14:31:35 +0000</lastBuildDate>
	<language>it-IT</language>
	<sy:updatePeriod>
	hourly	</sy:updatePeriod>
	<sy:updateFrequency>
	1	</sy:updateFrequency>
	<generator>https://wordpress.org/?v=6.1.1</generator>
	<item>
		<title>Pizzetta Margherita</title>
		<link>./../../../prodotto/pizzetta-margherita/index.html</link>
					<comments>./../../../prodotto/pizzetta-margherita/index.html#respond</comments>
		
		<dc:creator><![CDATA[Mike]]></dc:creator>
		<pubDate>Fri, 24 Mar 2023 13:18:25 +0000</pubDate>
				<guid isPermaLink="false">./../../../index.html?post_type=product#038;p=73</guid>

					<description><![CDATA[Pizza margherita: Un classico.]]></description>
										<content:encoded><![CDATA[<p>Pizza margherita</p>
<p>2 € / Pz</p>
<p>Ingredienti: Farina, Acqua, Sale, Oltìio extravergine di Oliva, Salsa di pomodoro, Mozzarella di Bufala Campana Dop, Basilico.</p>
]]></content:encoded>
					
					<wfw:commentRss>./../../../prodotto/pizzetta-margherita/feed/index.html</wfw:commentRss>
			<slash:comments>0</slash:comments>
		
		
			</item>
	</channel>
</rss>
