<?xml version="1.0" encoding="UTF-8"?><rss version="2.0"
	xmlns:content="http://purl.org/rss/1.0/modules/content/"
	xmlns:wfw="http://wellformedweb.org/CommentAPI/"
	xmlns:dc="http://purl.org/dc/elements/1.1/"
	xmlns:atom="http://www.w3.org/2005/Atom"
	xmlns:sy="http://purl.org/rss/1.0/modules/syndication/"
	xmlns:slash="http://purl.org/rss/1.0/modules/slash/"
	>

<channel>
	<title>Grani Antichi &#8211; pizzaepane</title>
	<atom:link href="./index.html" rel="self" type="application/rss+xml" />
	<link>./../../../index.html</link>
	<description></description>
	<lastBuildDate>Fri, 24 Mar 2023 12:42:52 +0000</lastBuildDate>
	<language>it-IT</language>
	<sy:updatePeriod>
	hourly	</sy:updatePeriod>
	<sy:updateFrequency>
	1	</sy:updateFrequency>
	<generator>https://wordpress.org/?v=6.1.1</generator>
	<item>
		<title>Pane Antico Canavese</title>
		<link>./../../../prodotto/pane-antico-canavese/index.html</link>
					<comments>./../../../prodotto/pane-antico-canavese/index.html#respond</comments>
		
		<dc:creator><![CDATA[Mike]]></dc:creator>
		<pubDate>Fri, 24 Mar 2023 12:42:52 +0000</pubDate>
				<guid isPermaLink="false">./../../../index.html?post_type=product#038;p=57</guid>

					<description><![CDATA[Pane con farina speciale prodotta per noi con grano Antico Canavese coltivato a Km Zero vicino al nostro laboratorio
<div></div>]]></description>
										<content:encoded><![CDATA[<div class="fggS- cell">
<h1 class="_2qrJF _2yxAN" data-hook="product-title">Antico Canavese</h1>
</div>
<div class="_3zErT fggS- cell"></div>
<div class="H1AvN fggS- cell">
<section class="_2RbVQ" data-hook="description-wrapper">
<div class="_3nbVj">
<div class="_3cRjW" data-hook="content-wrapper">
<div>1000 gr. ca (8 € / Kg</div>
<div></div>
<p>Usiamo una farina speciale prodotta per noi con grano Antico Canavese coltivato in un campo a pochi chilometri dal nostro laboratorio</p>
<div></div>
<p><u>Ingredienti</u></p>
<p><em>Farina di grano Antico Canavese macinata a pietra, lievito madre, sale</em></p>
<p>&nbsp;</p>
</div>
</div>
</section>
</div>
<div class="_2-GPA fggS- cell">
<div dir="ltr">
<ul class="_3adjr" data-hook="stacked-info-section">
<li class="_1YFmr _7UGlX" data-hook="stacked-info-item">
<div class="_6s2bg fggS- cell">
<h2 class="Text2446266173__root Text2446266173---typography-11-runningText Text2446266173---priority-7-primary s8gg2 _149OH InfoSectionTitle3095652555__root" aria-hidden="false" data-hook="info-section-title">Rifinitura, conservazione e consumo</h2>
<div class="WncCi" data-hook="info-section-description">
<p>Per darvi questo pane fresco appena sfornato lo spediamo parzialmente cotto.</p>
<p>Quando vi arriva potete surgelarlo se non pensate di consumarlo entro i 10 giorni dalla produzione. Quando volete consumarlo, finite la cottura in forno a 220 gradi per 15 minuti.</p>
<p>Con questa procedura, grazie al nostro lievito madre e alle farine macinate a pietra, integrali e ricche di fibre, il prodotto tornerà  come se lo avesse appena sfornato un panificio.</p>
<p>Una volta che vi arriva il pane, come lo conservate e&#8217; un fattore determinante per assicurare che duri i 10 giorni che vi promettiamo. Le &#8220;regole&#8221; sono poche e facili da seguire:</p>
<p>1) Conservate il pane in un luogo fresco e asciutto nel sacchetto microforato nel quale ve lo abbiamo mandato</p>
<p>2) Surgelate il pane che non pensate di usare entro 3-4 giorni e scongelatelo quando volete consumarlo. Nel surgelatore il prodotto dovrebbe essere chiuso in un doppio sacchetto di plastica a chiusura ermetica. Quando lo volete consumare lasciatelo scongelare a temperatura ambiente non usando un forno (a micro-onde o altro). Poi potrete finire la cottura del pane in forno a 220 gradi per 15 minuti</p>
<p>3) Consumate il pane non surgelato entro 3-4 giorni dall&#8217;arrivo a casa vostra</p>
<p>Quando avete il prodotto cotto da piu&#8217; di un paio di giorni, prima di gustarlo vi consigliamo di riscaldarlo leggermente (100 C) per una quindicina di minuti</p>
</div>
</div>
</li>
</ul>
</div>
</div>
]]></content:encoded>
					
					<wfw:commentRss>./../../../prodotto/pane-antico-canavese/feed/index.html</wfw:commentRss>
			<slash:comments>0</slash:comments>
		
		
			</item>
	</channel>
</rss>
