<?xml version="1.0" encoding="UTF-8"?><rss version="2.0"
	xmlns:content="http://purl.org/rss/1.0/modules/content/"
	xmlns:wfw="http://wellformedweb.org/CommentAPI/"
	xmlns:dc="http://purl.org/dc/elements/1.1/"
	xmlns:atom="http://www.w3.org/2005/Atom"
	xmlns:sy="http://purl.org/rss/1.0/modules/syndication/"
	xmlns:slash="http://purl.org/rss/1.0/modules/slash/"
	>

<channel>
	<title>Lampone &#8211; pizzaepane</title>
	<atom:link href="./index.html" rel="self" type="application/rss+xml" />
	<link>./../../../index.html</link>
	<description></description>
	<lastBuildDate>Fri, 24 Mar 2023 12:57:34 +0000</lastBuildDate>
	<language>it-IT</language>
	<sy:updatePeriod>
	hourly	</sy:updatePeriod>
	<sy:updateFrequency>
	1	</sy:updateFrequency>
	<generator>https://wordpress.org/?v=6.1.1</generator>
	<item>
		<title>Plum Cake</title>
		<link>./../../../prodotto/plum-cake/index.html</link>
					<comments>./../../../prodotto/plum-cake/index.html#respond</comments>
		
		<dc:creator><![CDATA[Mike]]></dc:creator>
		<pubDate>Fri, 24 Mar 2023 12:57:34 +0000</pubDate>
				<guid isPermaLink="false">./../../../index.html?post_type=product#038;p=66</guid>

					<description><![CDATA[Il classico <em>Plumcake</em> da colazione allo yogurt è un dolce semplice e genuino a base di yogurt, zucchero, uova e farina.]]></description>
										<content:encoded><![CDATA[<div class="fggS- cell">
<h1 class="_2qrJF _2yxAN" data-hook="product-title">PlumCake</h1>
</div>
<div class="_3zErT fggS- cell"></div>
<div class="H1AvN fggS- cell">
<section class="_2RbVQ" data-hook="description-wrapper">
<div class="_3nbVj">
<div class="_3cRjW" data-hook="content-wrapper">
<p>500 gr. ca (18 € / Kg)</p>
<p>&nbsp;</p>
<p>La nostra versione del plum-cake, leggera, morbida, semplice</p>
<p>&nbsp;</p>
<p><u>Ingredienti</u></p>
<p><em>Zucchero, farina di frumento tenero tipo 0, frutta fresca centrifugata (lamponi, fragole, mele, albicocche e ribes), amido di frumento, amido modificato, yogurt in polvere, agenti lievitanti (E450i, E500ii, E336), emulsionanti (E472b, E475), stabilizzante (E415), farina di soia, aromi, uova e burro</em></p>
<p>&nbsp;</p>
</div>
</div>
</section>
</div>
<div class="_2-GPA fggS- cell">
<div dir="ltr">
<ul class="_3adjr" data-hook="stacked-info-section">
<li class="_1YFmr _7UGlX" data-hook="stacked-info-item">
<div class="_6s2bg fggS- cell">
<h2 class="Text2446266173__root Text2446266173---typography-11-runningText Text2446266173---priority-7-primary s8gg2 _149OH InfoSectionTitle3095652555__root" aria-hidden="false" data-hook="info-section-title">Consigli per la conservazione e il consumo</h2>
<div class="WncCi" data-hook="info-section-description">
<p>Una volta che vi arriva il prodotto, per assicurare che duri i 15 giorni che vi promettiamo conservatelo in un luogo fresco e asciutto nel sacchetto microforato nel quale ve lo abbiamo mandato.</p>
<p>Potete surgelare il prodotto che non pensate di usare entro 3-4 giorni e scongelatelo quando volete consumarlo. Nel surgelatore il prodotto dovrebbe essere chiuso in un doppio sacchetto di plastica a chiusura ermetica. Quando lo volete consumare lasciatelo scongelare a temperatura ambiente nel sacchetto non usando un forno (a microonde o altro).</p>
<p>Quando avete il prodotto da piu&#8217; di un paio di giorni, prima di gustarlo vi consigliamo di riscaldarlo leggermente (100 C) per una quindicina di minuti.</p>
</div>
</div>
</li>
</ul>
</div>
</div>
]]></content:encoded>
					
					<wfw:commentRss>./../../../prodotto/plum-cake/feed/index.html</wfw:commentRss>
			<slash:comments>0</slash:comments>
		
		
			</item>
	</channel>
</rss>
