<?xml version="1.0" encoding="UTF-8"?><rss version="2.0"
	xmlns:content="http://purl.org/rss/1.0/modules/content/"
	xmlns:wfw="http://wellformedweb.org/CommentAPI/"
	xmlns:dc="http://purl.org/dc/elements/1.1/"
	xmlns:atom="http://www.w3.org/2005/Atom"
	xmlns:sy="http://purl.org/rss/1.0/modules/syndication/"
	xmlns:slash="http://purl.org/rss/1.0/modules/slash/"
	>

<channel>
	<title>Prodotti &#8211; pizzaepane</title>
	<atom:link href="./index.html" rel="self" type="application/rss+xml" />
	<link>./../../index.html</link>
	<description></description>
	<lastBuildDate>Fri, 24 Mar 2023 14:31:35 +0000</lastBuildDate>
	<language>it-IT</language>
	<sy:updatePeriod>
	hourly	</sy:updatePeriod>
	<sy:updateFrequency>
	1	</sy:updateFrequency>
	<generator>https://wordpress.org/?v=6.1.1</generator>
	<item>
		<title>Pizzetta Margherita</title>
		<link>./../../prodotto/pizzetta-margherita/index.html</link>
					<comments>./../../prodotto/pizzetta-margherita/index.html#respond</comments>
		
		<dc:creator><![CDATA[Mike]]></dc:creator>
		<pubDate>Fri, 24 Mar 2023 13:18:25 +0000</pubDate>
				<guid isPermaLink="false">./../../index.html?post_type=product#038;p=73</guid>

					<description><![CDATA[Pizza margherita: Un classico.]]></description>
										<content:encoded><![CDATA[<p>Pizza margherita</p>
<p>2 € / Pz</p>
<p>Ingredienti: Farina, Acqua, Sale, Oltìio extravergine di Oliva, Salsa di pomodoro, Mozzarella di Bufala Campana Dop, Basilico.</p>
]]></content:encoded>
					
					<wfw:commentRss>./../../prodotto/pizzetta-margherita/feed/index.html</wfw:commentRss>
			<slash:comments>0</slash:comments>
		
		
			</item>
		<item>
		<title>Strudel</title>
		<link>./../../prodotto/strudel/index.html</link>
					<comments>./../../prodotto/strudel/index.html#respond</comments>
		
		<dc:creator><![CDATA[Mike]]></dc:creator>
		<pubDate>Fri, 24 Mar 2023 13:00:57 +0000</pubDate>
				<guid isPermaLink="false">./../../index.html?post_type=product#038;p=69</guid>

					<description><![CDATA[Lo strudel è un dolce a pasta arrotolata o ripiena che può essere dolce o salata, ma nella sua versione più conosciuta è dolce a base di mele, pinoli, uvetta e cannella.]]></description>
										<content:encoded><![CDATA[<div class="fggS- cell">
<h1 class="_2qrJF _2yxAN" data-hook="product-title">Strudel</h1>
</div>
<div class="_3zErT fggS- cell"></div>
<div class="H1AvN fggS- cell">
<section class="_2RbVQ" data-hook="description-wrapper">
<div class="_3nbVj">
<div class="_3cRjW" data-hook="content-wrapper">
<p>350 gr. ca (20 € / Kg)</p>
<p>&nbsp;</p>
<p>Un leggero cofanetto di pasta sfoglia contiene un ricco mélange di frutta e noci</p>
<p>&nbsp;</p>
<p><u>Ingredienti</u></p>
<p><em>Farina di frumento tipo 0, burro, farcitura(mele 90%, [mele Jonagold 82%, mele a cubetti, purea di mele, succo di mele da concentrato], zucchero, amido modificato (mais), antiossidante: acido ascorbico, correttore d&#8217;acidita&#8217;: lattato di calcio, conservante: sorbato di potassio, acidificante: acido citrico, aroma naturale)</em></p>
<p>&nbsp;</p>
</div>
</div>
</section>
</div>
<div class="_2-GPA fggS- cell">
<div dir="ltr">
<ul class="_3adjr" data-hook="stacked-info-section">
<li class="_1YFmr _7UGlX" data-hook="stacked-info-item">
<div class="_6s2bg fggS- cell">
<h2 class="Text2446266173__root Text2446266173---typography-11-runningText Text2446266173---priority-7-primary s8gg2 _149OH InfoSectionTitle3095652555__root" aria-hidden="false" data-hook="info-section-title">Consigli per la conservazione e il consumo</h2>
<div class="WncCi" data-hook="info-section-description">
<p>Una volta che vi arriva il prodotto, per assicurare che duri i 15 giorni che vi promettiamo conservatelo in un luogo fresco e asciutto nel sacchetto microforato nel quale ve lo abbiamo mandato.</p>
<p>Potete surgelare il prodotto che non pensate di usare entro 3-4 giorni e scongelatelo quando volete consumarlo. Nel surgelatore il prodotto dovrebbe essere chiuso in un doppio sacchetto di plastica a chiusura ermetica. Quando lo volete consumare lasciatelo scongelare a temperatura ambiente nel sacchetto non usando un forno (a microonde o altro).</p>
<p>Quando avete il prodotto da piu&#8217; di un paio di giorni, prima di gustarlo vi consigliamo di riscaldarlo leggermente (100 C) per una quindicina di minuti.
</p></div>
</div>
</li>
</ul>
</div>
</div>
]]></content:encoded>
					
					<wfw:commentRss>./../../prodotto/strudel/feed/index.html</wfw:commentRss>
			<slash:comments>0</slash:comments>
		
		
			</item>
		<item>
		<title>Plum Cake</title>
		<link>./../../prodotto/plum-cake/index.html</link>
					<comments>./../../prodotto/plum-cake/index.html#respond</comments>
		
		<dc:creator><![CDATA[Mike]]></dc:creator>
		<pubDate>Fri, 24 Mar 2023 12:57:34 +0000</pubDate>
				<guid isPermaLink="false">./../../index.html?post_type=product#038;p=66</guid>

					<description><![CDATA[Il classico <em>Plumcake</em> da colazione allo yogurt è un dolce semplice e genuino a base di yogurt, zucchero, uova e farina.]]></description>
										<content:encoded><![CDATA[<div class="fggS- cell">
<h1 class="_2qrJF _2yxAN" data-hook="product-title">PlumCake</h1>
</div>
<div class="_3zErT fggS- cell"></div>
<div class="H1AvN fggS- cell">
<section class="_2RbVQ" data-hook="description-wrapper">
<div class="_3nbVj">
<div class="_3cRjW" data-hook="content-wrapper">
<p>500 gr. ca (18 € / Kg)</p>
<p>&nbsp;</p>
<p>La nostra versione del plum-cake, leggera, morbida, semplice</p>
<p>&nbsp;</p>
<p><u>Ingredienti</u></p>
<p><em>Zucchero, farina di frumento tenero tipo 0, frutta fresca centrifugata (lamponi, fragole, mele, albicocche e ribes), amido di frumento, amido modificato, yogurt in polvere, agenti lievitanti (E450i, E500ii, E336), emulsionanti (E472b, E475), stabilizzante (E415), farina di soia, aromi, uova e burro</em></p>
<p>&nbsp;</p>
</div>
</div>
</section>
</div>
<div class="_2-GPA fggS- cell">
<div dir="ltr">
<ul class="_3adjr" data-hook="stacked-info-section">
<li class="_1YFmr _7UGlX" data-hook="stacked-info-item">
<div class="_6s2bg fggS- cell">
<h2 class="Text2446266173__root Text2446266173---typography-11-runningText Text2446266173---priority-7-primary s8gg2 _149OH InfoSectionTitle3095652555__root" aria-hidden="false" data-hook="info-section-title">Consigli per la conservazione e il consumo</h2>
<div class="WncCi" data-hook="info-section-description">
<p>Una volta che vi arriva il prodotto, per assicurare che duri i 15 giorni che vi promettiamo conservatelo in un luogo fresco e asciutto nel sacchetto microforato nel quale ve lo abbiamo mandato.</p>
<p>Potete surgelare il prodotto che non pensate di usare entro 3-4 giorni e scongelatelo quando volete consumarlo. Nel surgelatore il prodotto dovrebbe essere chiuso in un doppio sacchetto di plastica a chiusura ermetica. Quando lo volete consumare lasciatelo scongelare a temperatura ambiente nel sacchetto non usando un forno (a microonde o altro).</p>
<p>Quando avete il prodotto da piu&#8217; di un paio di giorni, prima di gustarlo vi consigliamo di riscaldarlo leggermente (100 C) per una quindicina di minuti.</p>
</div>
</div>
</li>
</ul>
</div>
</div>
]]></content:encoded>
					
					<wfw:commentRss>./../../prodotto/plum-cake/feed/index.html</wfw:commentRss>
			<slash:comments>0</slash:comments>
		
		
			</item>
		<item>
		<title>Pane Tumminia</title>
		<link>./../../prodotto/pane-tumminia/index.html</link>
					<comments>./../../prodotto/pane-tumminia/index.html#respond</comments>
		
		<dc:creator><![CDATA[Mike]]></dc:creator>
		<pubDate>Fri, 24 Mar 2023 12:52:09 +0000</pubDate>
				<guid isPermaLink="false">./../../index.html?post_type=product#038;p=63</guid>

					<description><![CDATA[La farina di <em>tumminia</em> è un'antica varietà di grano siciliano ideale per <em>pane</em> e pasta dalle proprietà benefiche.

Il <em>pane</em> con la farina di grano duro <em>Tumminia</em> macinata a pietra conferisce al <em>pane</em> un profumo intenso e decisamente rustico.]]></description>
										<content:encoded><![CDATA[<div class="fggS- cell">
<h1 class="_2qrJF _2yxAN" data-hook="product-title">Pane Tumminia</h1>
</div>
<div class="_3zErT fggS- cell"></div>
<div class="H1AvN fggS- cell">
<section class="_2RbVQ" data-hook="description-wrapper">
<div class="_3nbVj">
<div class="_3cRjW" data-hook="content-wrapper">
<p>1000 gr. ca (9.5 € / Kg)</p>
<p>&nbsp;</p>
<p>Classica espressione del grano antico Tumminia, forte e saporito</p>
<p>&nbsp;</p>
<p><u>Ingredienti</u></p>
<p><em>Farina Tumminia, semola di grano duro rimacinata, lievito madre, olio extra vergine di oliva, sale</em></p>
<p>&nbsp;</p>
</div>
</div>
</section>
</div>
<div class="_2-GPA fggS- cell">
<div dir="ltr">
<ul class="_3adjr" data-hook="stacked-info-section">
<li class="_1YFmr _7UGlX" data-hook="stacked-info-item">
<div class="_6s2bg fggS- cell">
<h2 class="Text2446266173__root Text2446266173---typography-11-runningText Text2446266173---priority-7-primary s8gg2 _149OH InfoSectionTitle3095652555__root" aria-hidden="false" data-hook="info-section-title">Rifinitura, conservazione e consumo</h2>
<div class="WncCi" data-hook="info-section-description">
<p>Per darvi un pane fresco appena sfornato lo spediamo parzialmente cotto.</p>
<p>Quando vi arriva potete surgelarlo se non pensate di consumarlo entro i 10 giorni dalla produzione. Quando volete consumarlo, finite la cottura in forno a 220 gradi per 15 minuti.</p>
<p>Con questa procedura, grazie al nostro lievito madre e alle farine macinate a pietra, integrali e ricche di fibre, il prodotto tornerà  come se lo avesse appena sfornato un panificio.</p>
<p>Una volta che vi arriva il pane, come lo conservate e&#8217; un fattore determinante per assicurare che duri i 10 giorni che vi promettiamo. Le &#8220;regole&#8221; sono poche e facili da seguire:</p>
<p>1) Conservate il pane in un luogo fresco e asciutto nel sacchetto microforato nel quale ve lo abbiamo mandato</p>
<p>2) Surgelate il pane che non pensate di usare entro 3-4 giorni e scongelatelo quando volete consumarlo. Nel surgelatore il prodotto dovrebbe essere chiuso in un doppio sacchetto di plastica a chiusura ermetica. Quando lo volete consumare lasciatelo scongelare a temperatura ambiente non usando un forno (a microonde o altro). Poi potrete finire la cottura del pane in forno a 220 gradi per 15 minuti</p>
<p>3) Consumate il pane non surgelato entro 3-4 giorni dall&#8217;arrivo a casa vostra</p>
<p>Quando avete il prodotto cotto da piu&#8217; di un paio di giorni, prima di gustarlo vi consigliamo di riscaldarlo leggermente (100 C) per una quindicina di minuti
</p></div>
</div>
</li>
</ul>
</div>
</div>
]]></content:encoded>
					
					<wfw:commentRss>./../../prodotto/pane-tumminia/feed/index.html</wfw:commentRss>
			<slash:comments>0</slash:comments>
		
		
			</item>
		<item>
		<title>Pane Kamut</title>
		<link>./../../prodotto/pane-kamut/index.html</link>
					<comments>./../../prodotto/pane-kamut/index.html#respond</comments>
		
		<dc:creator><![CDATA[Mike]]></dc:creator>
		<pubDate>Fri, 24 Mar 2023 12:47:22 +0000</pubDate>
				<guid isPermaLink="false">./../../index.html?post_type=product#038;p=60</guid>

					<description><![CDATA[<strong>Il pane di kamut</strong> è un alimento molto ricco di sostanze nutritive benefiche per l’organismo dall'elevata digeribilità e assimilabilità.]]></description>
										<content:encoded><![CDATA[<h1 class="col-12 m-0 p-0 py-3 f-size-250 f-wght-700 text_black text-uppercase">PANE DI KAMUT  1 Kg</h1>
<div class="col-12 p-0 pb-3 m-0 f-size-87-5 text_darkish_gray f-wght-400">
<p>È il<strong> pane di kamut®</strong>, in formato <strong>1 kg </strong>del panificio la <strong>Panetta di Altamura</strong>, un panificio storico dell&#8217;Alta Murgia in cui Giuseppe, l’attuale proprietario porta avanti la tradizione di panificazione avviata dal nonno e condotta poi dal padre.</p>
<p>La <strong>panificazione</strong> è quella <strong>tipica della regione</strong> e, in questo pane si rispetta la tradizione impiegando farina di kamut®, lievito madre, acqua e sale marino.</p>
<p>La cottura avviene in forno a legna alimentato da legna di quercia.</p>
<p>Come tutti i pani fatti utilizzando la pasta acida, detta anche lievito madre, anche questo ha una maggiore digeribilità e si conserva più a lungo rispetto ai pani che usano un agente lievitante esterno, come potrebbe essere il lievito di birra, che viene unito all’impasto per farlo lievitare senza fermentazione.</p>
<p>E&#8217; un pane molto strutturato, con consistenza tipica dei pani di tradizione pugliese e con il tipico aroma e profumo della farina di kamut® che si sposa perfettamente con le note della legna di quercia usata in cottura.</p>
<p>E&#8217; un pane che si conserva bene per diversi giorni e che si mangia tutto, evitando qualunque spreco!</p>
</div>
]]></content:encoded>
					
					<wfw:commentRss>./../../prodotto/pane-kamut/feed/index.html</wfw:commentRss>
			<slash:comments>0</slash:comments>
		
		
			</item>
		<item>
		<title>Pane Antico Canavese</title>
		<link>./../../prodotto/pane-antico-canavese/index.html</link>
					<comments>./../../prodotto/pane-antico-canavese/index.html#respond</comments>
		
		<dc:creator><![CDATA[Mike]]></dc:creator>
		<pubDate>Fri, 24 Mar 2023 12:42:52 +0000</pubDate>
				<guid isPermaLink="false">./../../index.html?post_type=product#038;p=57</guid>

					<description><![CDATA[Pane con farina speciale prodotta per noi con grano Antico Canavese coltivato a Km Zero vicino al nostro laboratorio
<div></div>]]></description>
										<content:encoded><![CDATA[<div class="fggS- cell">
<h1 class="_2qrJF _2yxAN" data-hook="product-title">Antico Canavese</h1>
</div>
<div class="_3zErT fggS- cell"></div>
<div class="H1AvN fggS- cell">
<section class="_2RbVQ" data-hook="description-wrapper">
<div class="_3nbVj">
<div class="_3cRjW" data-hook="content-wrapper">
<div>1000 gr. ca (8 € / Kg</div>
<div></div>
<p>Usiamo una farina speciale prodotta per noi con grano Antico Canavese coltivato in un campo a pochi chilometri dal nostro laboratorio</p>
<div></div>
<p><u>Ingredienti</u></p>
<p><em>Farina di grano Antico Canavese macinata a pietra, lievito madre, sale</em></p>
<p>&nbsp;</p>
</div>
</div>
</section>
</div>
<div class="_2-GPA fggS- cell">
<div dir="ltr">
<ul class="_3adjr" data-hook="stacked-info-section">
<li class="_1YFmr _7UGlX" data-hook="stacked-info-item">
<div class="_6s2bg fggS- cell">
<h2 class="Text2446266173__root Text2446266173---typography-11-runningText Text2446266173---priority-7-primary s8gg2 _149OH InfoSectionTitle3095652555__root" aria-hidden="false" data-hook="info-section-title">Rifinitura, conservazione e consumo</h2>
<div class="WncCi" data-hook="info-section-description">
<p>Per darvi questo pane fresco appena sfornato lo spediamo parzialmente cotto.</p>
<p>Quando vi arriva potete surgelarlo se non pensate di consumarlo entro i 10 giorni dalla produzione. Quando volete consumarlo, finite la cottura in forno a 220 gradi per 15 minuti.</p>
<p>Con questa procedura, grazie al nostro lievito madre e alle farine macinate a pietra, integrali e ricche di fibre, il prodotto tornerà  come se lo avesse appena sfornato un panificio.</p>
<p>Una volta che vi arriva il pane, come lo conservate e&#8217; un fattore determinante per assicurare che duri i 10 giorni che vi promettiamo. Le &#8220;regole&#8221; sono poche e facili da seguire:</p>
<p>1) Conservate il pane in un luogo fresco e asciutto nel sacchetto microforato nel quale ve lo abbiamo mandato</p>
<p>2) Surgelate il pane che non pensate di usare entro 3-4 giorni e scongelatelo quando volete consumarlo. Nel surgelatore il prodotto dovrebbe essere chiuso in un doppio sacchetto di plastica a chiusura ermetica. Quando lo volete consumare lasciatelo scongelare a temperatura ambiente non usando un forno (a micro-onde o altro). Poi potrete finire la cottura del pane in forno a 220 gradi per 15 minuti</p>
<p>3) Consumate il pane non surgelato entro 3-4 giorni dall&#8217;arrivo a casa vostra</p>
<p>Quando avete il prodotto cotto da piu&#8217; di un paio di giorni, prima di gustarlo vi consigliamo di riscaldarlo leggermente (100 C) per una quindicina di minuti</p>
</div>
</div>
</li>
</ul>
</div>
</div>
]]></content:encoded>
					
					<wfw:commentRss>./../../prodotto/pane-antico-canavese/feed/index.html</wfw:commentRss>
			<slash:comments>0</slash:comments>
		
		
			</item>
	</channel>
</rss>
